agent,mean_yield,std_yield,mean_irrigation,std_irrigation,water_efficiency
PPO,6.635287054684042,0.9802340609406555,306.4166666666667,92.04610079262443,22.907210782585654
Random,6.5696224070041875,0.9674875914424862,2459.5833333333335,166.07633048505184,2.683775455614966
Thresholds,6.60199128861488,0.9917272533035525,211.36363636363637,119.5636004202556,31.235227602048894
Interval,6.589711439396414,0.9704877271975705,421.91409590976525,53.463850407786346,15.618609340811773
Rainfed,5.450186059570613,1.0474969758747432,0.0,0.0,
