agent,mean_yield,std_yield,mean_irrigation,std_irrigation,water_efficiency
PPO_1M,6.146038670921791,0.7712840950956458,130.41666666666666,38.05790855482533,53.120845557176295
PPO_2M,5.869793108844941,0.7945785502555972,50.333333333333336,38.46844976922926,131.84576865219475
PPO_4M,6.635287054684042,0.9802340609406555,306.4166666666667,92.04610079262443,22.907210782585654
