agent,mean_yield,std_yield,mean_irrigation,std_irrigation,water_efficiency
PPO,6.542667607955239,0.8862391984080182,150.83333333333334,66.75196605441161,48.986755530765365
Random,6.632774138388247,0.9701243865774574,2451.5833333333335,186.09589462301605,2.724285685443831
Thresholds,6.60199128861488,0.9917272533035525,211.36363636363637,119.5636004202556,31.235227602048894
Interval,6.589711439396414,0.9704877271975705,421.91409590976525,53.463850407786346,15.618609340811773
Rainfed,5.450186059570613,1.0474969758747434,0.0,0.0,
